dataset,rel_rs,rs,fold,cls_try,sampling_ratio,num_clusters,ir,acc,f1,pre,recall,auc_score,g_mean,spec
kc,0,0,0,global,0.2,2,1,0.7407407407407407,0.27586206896551724,0.5,0.19047619047619047,0.6193562610229277,0.4216370213557839,0.9333333333333333
kc,0,0,0,global,0.4,2,1,0.7448559670781894,0.32608695652173914,0.5172413793103449,0.23809523809523808,0.6419753086419753,0.46859014028969875,0.9222222222222223
kc,0,0,0,global,0.6,2,1,0.7325102880658436,0.3157894736842105,0.46875,0.23809523809523808,0.6600088183421515,0.4643365865495262,0.9055555555555556
kc,0,0,0,global,0.8,2,1,0.7407407407407407,0.36363636363636365,0.5,0.2857142857142857,0.6834215167548501,0.50709255283711,0.9
kc,0,0,0,global,1.0,2,1,0.7366255144032922,0.3846153846153846,0.4878048780487805,0.31746031746031744,0.6488095238095238,0.529550073574993,0.8833333333333333
kc,0,0,3,global,0.2,2,1,0.7479338842975206,0.3440860215053763,0.5333333333333333,0.25396825396825395,0.6317726345659307,0.4838437920552476,0.9217877094972067
kc,0,0,3,global,0.4,2,1,0.756198347107438,0.3655913978494623,0.5666666666666667,0.2698412698412698,0.6164760131240578,0.5002437997440914,0.9273743016759777
kc,0,0,3,global,0.6,2,1,0.7603305785123967,0.34090909090909094,0.6,0.23809523809523808,0.6061452513966481,0.4741242750015901,0.9441340782122905
kc,0,0,3,global,0.8,2,1,0.731404958677686,0.36893203883495146,0.475,0.30158730158730157,0.6023765185776359,0.515951113112233,0.88268156424581
kc,0,0,3,global,1.0,2,1,0.7272727272727273,0.31249999999999994,0.45454545454545453,0.23809523809523808,0.5750199521149241,0.46276635593592985,0.8994413407821229
kc,1,1,0,global,0.2,2,1,0.7283950617283951,0.3888888888888889,0.4666666666666667,0.3333333333333333,0.6822310405643739,0.5374838498865699,0.8666666666666667
kc,1,1,0,global,0.4,2,1,0.7283950617283951,0.3773584905660377,0.46511627906976744,0.31746031746031744,0.6606701940035273,0.5262090302936754,0.8722222222222222
kc,1,1,0,global,0.6,2,1,0.7242798353909465,0.40707964601769914,0.46,0.36507936507936506,0.6126543209876543,0.5570614511142018,0.85
kc,1,1,0,global,0.8,2,1,0.6872427983539094,0.3559322033898305,0.38181818181818183,0.3333333333333333,0.6285273368606702,0.519971509191004,0.8111111111111111
kc,1,1,0,global,1.0,2,1,0.6872427983539094,0.3770491803278688,0.3898305084745763,0.36507936507936506,0.6145502645502646,0.5404289889185184,0.8
kc,1,1,3,global,0.2,2,1,0.7479338842975206,0.3146067415730337,0.5384615384615384,0.2222222222222222,0.6580207501995211,0.45532915904742255,0.9329608938547486
kc,1,1,3,global,0.4,2,1,0.7355371900826446,0.28888888888888886,0.48148148148148145,0.20634920634920634,0.6582867783985101,0.43613090039253277,0.9217877094972067
kc,1,1,3,global,0.6,2,1,0.731404958677686,0.2696629213483146,0.46153846153846156,0.19047619047619047,0.6088942094528687,0.41902101538323977,0.9217877094972067
kc,1,1,3,global,0.8,2,1,0.731404958677686,0.2857142857142857,0.4642857142857143,0.20634920634920634,0.6195796754455972,0.43480728307482996,0.9162011173184358
kc,1,1,3,global,1.0,2,1,0.7272727272727273,0.326530612244898,0.45714285714285713,0.25396825396825395,0.5646005143211847,0.4764564301213972,0.8938547486033519
kc,1,1,4,global,0.2,2,1,0.743801652892562,0.3541666666666667,0.5151515151515151,0.2698412698412698,0.7101179391682185,0.49570291485888207,0.9106145251396648
kc,1,1,4,global,0.4,2,1,0.7520661157024794,0.38775510204081637,0.5428571428571428,0.30158730158730157,0.6949099937926754,0.5240513118226816,0.9106145251396648
kc,1,1,4,global,0.6,2,1,0.743801652892562,0.40384615384615385,0.5121951219512195,0.3333333333333333,0.6239691407289173,0.5441409610338669,0.888268156424581
kc,1,1,4,global,0.8,2,1,0.7272727272727273,0.3888888888888889,0.4666666666666667,0.3333333333333333,0.6837368094351334,0.5372528230760316,0.8659217877094972
kc,1,1,4,global,1.0,2,1,0.7272727272727273,0.3888888888888889,0.4666666666666667,0.3333333333333333,0.6695043007892172,0.5372528230760316,0.8659217877094972
kc,2,4,4,global,0.2,2,1,0.6983471074380165,0.2474226804123711,0.35294117647058826,0.19047619047619047,0.5515207945375543,0.40873672328914895,0.8770949720670391
kc,2,4,4,global,0.4,2,1,0.7272727272727273,0.2978723404255319,0.45161290322580644,0.2222222222222222,0.6251662676243681,0.4484610556511615,0.9050279329608939
kc,2,4,4,global,0.6,2,1,0.71900826446281,0.30612244897959184,0.42857142857142855,0.23809523809523808,0.6128402944045401,0.4598830483898366,0.888268156424581
kc,2,4,4,global,0.8,2,1,0.71900826446281,0.32,0.43243243243243246,0.25396825396825395,0.600558659217877,0.4734692130239046,0.88268156424581
kc,2,4,4,global,1.0,2,1,0.7231404958677686,0.27956989247311825,0.43333333333333335,0.20634920634920634,0.5941739824421389,0.4321478863657014,0.9050279329608939
kc,3,18,1,global,0.2,2,1,0.7613168724279835,0.4081632653061224,0.5714285714285714,0.31746031746031744,0.6686507936507936,0.5394490624751247,0.9166666666666666
kc,3,18,1,global,0.4,2,1,0.7613168724279835,0.4081632653061224,0.5714285714285714,0.31746031746031744,0.6442239858906527,0.5394490624751247,0.9166666666666666
kc,3,18,1,global,0.6,2,1,0.7530864197530864,0.41176470588235287,0.5384615384615384,0.3333333333333333,0.6379188712522047,0.5477225575051661,0.9
kc,3,18,1,global,0.8,2,1,0.7325102880658436,0.42477876106194684,0.48,0.38095238095238093,0.6349647266313933,0.5708992257184502,0.8555555555555555
kc,3,18,1,global,1.0,2,1,0.7325102880658436,0.43478260869565216,0.4807692307692308,0.3968253968253968,0.633994708994709,0.580776710364308,0.85
kc,3,18,2,global,0.2,2,1,0.71900826446281,0.276595744680851,0.41935483870967744,0.20634920634920634,0.608761195353374,0.4308120318979695,0.8994413407821229
kc,3,18,2,global,0.4,2,1,0.71900826446281,0.2916666666666667,0.42424242424242425,0.2222222222222222,0.5948833909727764,0.445684180309917,0.8938547486033519
kc,3,18,2,global,0.6,2,1,0.7272727272727273,0.2826086956521739,0.4482758620689655,0.20634920634920634,0.5740888534184624,0.4334796241493125,0.9106145251396648
kc,3,18,2,global,0.8,2,1,0.7107438016528925,0.2708333333333333,0.3939393939393939,0.20634920634920634,0.5818923472554758,0.4281278186517257,0.888268156424581
kc,3,18,2,global,1.0,2,1,0.7107438016528925,0.2857142857142857,0.4,0.2222222222222222,0.6038840117052409,0.44288989458023437,0.88268156424581
kc,3,18,3,global,0.2,2,1,0.7520661157024794,0.26829268292682923,0.5789473684210527,0.1746031746031746,0.654252017380509,0.40841116630934715,0.9553072625698324
kc,3,18,3,global,0.4,2,1,0.7396694214876033,0.30769230769230765,0.5,0.2222222222222222,0.646359847477166,0.452594424647058,0.9217877094972067
kc,3,18,3,global,0.6,2,1,0.7520661157024794,0.3023255813953488,0.5652173913043478,0.20634920634920634,0.6540746652478496,0.4413856791133415,0.9441340782122905
kc,3,18,3,global,0.8,2,1,0.7396694214876033,0.27586206896551724,0.5,0.19047619047619047,0.6506162986609914,0.42155288745863667,0.9329608938547486
kc,3,18,3,global,1.0,2,1,0.7231404958677686,0.29473684210526313,0.4375,0.2222222222222222,0.5610534716679968,0.4470747739552506,0.8994413407821229
kc,4,19,0,global,0.2,500,1,0.7160493827160493,0.34285714285714286,0.42857142857142855,0.2857142857142857,0.6090828924162257,0.4976133515281193,0.8666666666666667
kc,4,19,0,global,0.4,500,1,0.6995884773662552,0.3865546218487395,0.4107142857142857,0.36507936507936506,0.6261904761904762,0.5460294389024717,0.8166666666666667
kc,4,19,0,global,0.6,500,1,0.6831275720164609,0.3739837398373984,0.38333333333333336,0.36507936507936506,0.6264550264550265,0.5385492302181916,0.7944444444444444
kc,4,19,0,global,0.8,500,1,0.6502057613168725,0.40559440559440557,0.3625,0.4603174603174603,0.6193121693121694,0.5743641526890235,0.7166666666666667
kc,4,19,0,global,1.0,500,1,0.6378600823045267,0.42105263157894735,0.3595505617977528,0.5079365079365079,0.62173721340388,0.5891434011256912,0.6833333333333333
kc,4,19,1,global,0.2,2,1,0.720164609053498,0.2916666666666667,0.42424242424242425,0.2222222222222222,0.6332892416225749,0.44583116994975286,0.8944444444444445
kc,4,19,1,global,0.4,2,1,0.7078189300411523,0.3106796116504854,0.4,0.25396825396825395,0.5973104056437389,0.46915436703266455,0.8666666666666667
kc,4,19,1,global,0.6,2,1,0.720164609053498,0.30612244897959184,0.42857142857142855,0.23809523809523808,0.5847442680776014,0.46004370622823615,0.8888888888888888
kc,4,19,1,global,0.8,2,1,0.7078189300411523,0.3106796116504854,0.4,0.25396825396825395,0.5895061728395061,0.46915436703266455,0.8666666666666667
kc,4,19,1,global,1.0,2,1,0.7119341563786008,0.3269230769230769,0.4146341463414634,0.2698412698412698,0.6058641975308643,0.483593252498868,0.8666666666666667
kc,4,19,2,global,0.2,2,1,0.7727272727272727,0.3820224719101123,0.6538461538461539,0.2698412698412698,0.6656025538707103,0.5062349570039846,0.9497206703910615
kc,4,19,2,global,0.4,2,1,0.78099173553719,0.43010752688172044,0.6666666666666666,0.31746031746031744,0.6720759067127782,0.5474715556030084,0.9441340782122905
kc,4,19,2,global,0.6,2,1,0.768595041322314,0.391304347826087,0.6206896551724138,0.2857142857142857,0.6679081315952824,0.5178382224025236,0.9385474860335196
kc,4,19,2,global,0.8,2,1,0.756198347107438,0.3789473684210526,0.5625,0.2857142857142857,0.6588631728296533,0.513193839595919,0.9217877094972067
kc,4,19,2,global,1.0,2,1,0.7520661157024794,0.4,0.5405405405405406,0.31746031746031744,0.6620111731843575,0.5360134838865719,0.9050279329608939
kc,5,20,1,global,0.2,2,1,0.757201646090535,0.3789473684210526,0.5625,0.2857142857142857,0.7041887125220458,0.5133147801223568,0.9222222222222223
kc,5,20,1,global,0.4,2,1,0.7489711934156379,0.37113402061855666,0.5294117647058824,0.2857142857142857,0.6469135802469135,0.5102131518468142,0.9111111111111111
kc,5,20,1,global,0.6,2,1,0.7489711934156379,0.38383838383838387,0.5277777777777778,0.30158730158730157,0.649074074074074,0.5225935862956891,0.9055555555555556
kc,5,20,1,global,0.8,2,1,0.7530864197530864,0.38775510204081637,0.5428571428571428,0.30158730158730157,0.6087742504409172,0.5241941829572397,0.9111111111111111
kc,5,20,1,global,1.0,2,1,0.7489711934156379,0.37113402061855666,0.5294117647058824,0.2857142857142857,0.591931216931217,0.5102131518468142,0.9111111111111111
kc,5,20,4,global,0.2,2,1,0.7396694214876033,0.29213483146067415,0.5,0.20634920634920634,0.6226833377671367,0.43745051278914676,0.9273743016759777
kc,5,20,4,global,0.4,2,1,0.731404958677686,0.3010752688172043,0.4666666666666667,0.2222222222222222,0.6417043539948568,0.4498430652620644,0.9106145251396648
kc,5,20,4,global,0.6,2,1,0.7107438016528925,0.3137254901960784,0.41025641025641024,0.25396825396825395,0.6016227720138334,0.4704630288969849,0.8715083798882681
kc,5,20,4,global,0.8,2,1,0.7066115702479339,0.32380952380952377,0.40476190476190477,0.2698412698412698,0.5611864857674914,0.48182355863028153,0.8603351955307262
kc,5,20,4,global,1.0,2,1,0.7107438016528925,0.3,0.40540540540540543,0.23809523809523808,0.6224173095681477,0.4569815490875292,0.8770949720670391
kc,6,23,1,global,0.2,2,1,0.7325102880658436,0.1772151898734177,0.4375,0.1111111111111111,0.5720899470899471,0.32489314482696546,0.95
kc,6,23,1,global,0.4,2,1,0.720164609053498,0.22727272727272727,0.4,0.15873015873015872,0.5764109347442681,0.3814480901808862,0.9166666666666666
kc,6,23,1,global,0.6,2,1,0.720164609053498,0.20930232558139536,0.391304347826087,0.14285714285714285,0.5477954144620811,0.3629683619078001,0.9222222222222223
kc,6,23,1,global,0.8,2,1,0.7078189300411523,0.2365591397849462,0.36666666666666664,0.1746031746031746,0.5500881834215167,0.3951870943061942,0.8944444444444445
kc,6,23,1,global,1.0,2,1,0.6748971193415638,0.20202020202020202,0.2777777777777778,0.15873015873015872,0.5086860670194002,0.3685138655950444,0.8555555555555555
kc,7,26,1,global,0.2,2,1,0.7489711934156379,0.3296703296703297,0.5357142857142857,0.23809523809523808,0.6872574955908289,0.4699994371267597,0.9277777777777778
kc,7,26,1,global,0.4,2,1,0.7283950617283951,0.35294117647058826,0.46153846153846156,0.2857142857142857,0.6944444444444445,0.5023753102820165,0.8833333333333333
kc,7,26,1,global,0.6,2,1,0.7325102880658436,0.36893203883495146,0.475,0.30158730158730157,0.66005291005291,0.5161415662413912,0.8833333333333333
kc,7,26,1,global,0.8,2,1,0.7283950617283951,0.3773584905660377,0.46511627906976744,0.31746031746031744,0.5972663139329806,0.5262090302936754,0.8722222222222222
kc,7,26,1,global,1.0,2,1,0.7407407407407407,0.411214953271028,0.5,0.3492063492063492,0.6054232804232804,0.5536475171011244,0.8777777777777778
kc,7,26,2,global,0.2,2,1,0.7644628099173554,0.3870967741935483,0.6,0.2857142857142857,0.6370045224793828,0.516294736935281,0.9329608938547486
kc,7,26,2,global,0.4,2,1,0.768595041322314,0.44,0.5945945945945946,0.3492063492063492,0.6372262126452071,0.5656352599666582,0.9162011173184358
kc,7,26,2,global,0.6,2,1,0.7933884297520661,0.4680851063829788,0.7096774193548387,0.3492063492063492,0.6613017646537198,0.5758893019262201,0.9497206703910615
kc,7,26,2,global,0.8,2,1,0.7892561983471075,0.45161290322580644,0.7,0.3333333333333333,0.6270728030504568,0.5626486974987328,0.9497206703910615
kc,7,26,2,global,1.0,2,1,0.7851239669421488,0.4583333333333333,0.6666666666666666,0.3492063492063492,0.6496408619313646,0.572491695271261,0.9385474860335196
kc,7,26,4,global,0.2,2,1,0.756198347107438,0.33707865168539325,0.5769230769230769,0.23809523809523808,0.6451627205817149,0.47271945924706543,0.9385474860335196
kc,7,26,4,global,0.4,2,1,0.7231404958677686,0.32323232323232326,0.4444444444444444,0.25396825396825395,0.6315509444001064,0.47496517003118316,0.888268156424581
kc,7,26,4,global,0.6,2,1,0.71900826446281,0.34615384615384615,0.43902439024390244,0.2857142857142857,0.5688569655050102,0.499001397045931,0.8715083798882681
kc,7,26,4,global,0.8,2,1,0.71900826446281,0.32,0.43243243243243246,0.25396825396825395,0.6164316750908929,0.4734692130239046,0.88268156424581
kc,7,26,4,global,1.0,2,1,0.6983471074380165,0.3177570093457943,0.38636363636363635,0.2698412698412698,0.567127782211581,0.47868460952482966,0.8491620111731844
kc,8,30,1,global,1.0,20,1,0.7736625514403292,0.4444444444444445,0.6111111111111112,0.3492063492063492,0.6363756613756614,0.56749084166988,0.9222222222222223
kc,8,30,2,global,0.2,2,1,0.7479338842975206,0.37113402061855666,0.5294117647058824,0.2857142857142857,0.6575773698678726,0.5100740912958948,0.9106145251396648
kc,8,30,2,global,0.4,2,1,0.7355371900826446,0.36,0.4864864864864865,0.2857142857142857,0.6137270550678372,0.5053583590181616,0.8938547486033519
kc,8,30,2,global,0.6,2,1,0.7479338842975206,0.37113402061855666,0.5294117647058824,0.2857142857142857,0.6362507759155804,0.5100740912958948,0.9106145251396648
kc,8,30,2,global,0.8,2,1,0.7396694214876033,0.36363636363636365,0.5,0.2857142857142857,0.6307528598031391,0.506935144001147,0.8994413407821229
kc,8,30,2,global,1.0,2,1,0.7396694214876033,0.36363636363636365,0.5,0.2857142857142857,0.6096036179835062,0.506935144001147,0.8994413407821229
kc,8,30,3,global,0.2,2,1,0.768595041322314,0.36363636363636365,0.64,0.25396825396825395,0.7173450385740889,0.49112004684881017,0.9497206703910615
kc,8,30,3,global,0.4,2,1,0.743801652892562,0.3673469387755102,0.5142857142857142,0.2857142857142857,0.6518134255564423,0.508507039693059,0.9050279329608939
kc,8,30,3,global,0.6,2,1,0.743801652892562,0.3541666666666667,0.5151515151515151,0.2698412698412698,0.6365168041145695,0.49570291485888207,0.9106145251396648
kc,8,30,3,global,0.8,2,1,0.731404958677686,0.3564356435643564,0.47368421052631576,0.2857142857142857,0.6293783807750287,0.5037766388347067,0.888268156424581
kc,8,30,3,global,1.0,2,1,0.731404958677686,0.34343434343434337,0.4722222222222222,0.2698412698412698,0.5922674470160504,0.49112004684881017,0.8938547486033519
kc,8,30,4,global,0.2,2,1,0.7479338842975206,0.3440860215053763,0.5333333333333333,0.25396825396825395,0.6121752239070676,0.4838437920552476,0.9217877094972067
kc,8,30,4,global,0.4,2,1,0.7520661157024794,0.33333333333333326,0.5555555555555556,0.23809523809523808,0.6078300966569122,0.4713104562344151,0.9329608938547486
kc,8,30,4,global,0.6,2,1,0.7355371900826446,0.30434782608695654,0.4827586206896552,0.2222222222222222,0.6002039549525584,0.4512208420418828,0.9162011173184358
kc,8,30,4,global,0.8,2,1,0.756198347107438,0.3655913978494623,0.5666666666666667,0.2698412698412698,0.6555378203422896,0.5002437997440914,0.9273743016759777
kc,8,30,4,global,1.0,2,1,0.7355371900826446,0.3333333333333333,0.48484848484848486,0.25396825396825395,0.6204220980757295,0.47942503473074516,0.9050279329608939
kc,9,31,1,global,0.2,2,1,0.720164609053498,0.37037037037037035,0.4444444444444444,0.31746031746031744,0.6315255731922399,0.522846637841289,0.8611111111111112
kc,9,31,1,global,0.4,2,1,0.7242798353909465,0.38532110091743116,0.45652173913043476,0.3333333333333333,0.5984567901234568,0.5357583756107197,0.8611111111111112
kc,9,31,1,global,0.6,2,1,0.720164609053498,0.3818181818181818,0.44680851063829785,0.3333333333333333,0.5831128747795414,0.5340273262532407,0.8555555555555555
kc,9,31,1,global,0.8,2,1,0.7242798353909465,0.38532110091743116,0.45652173913043476,0.3333333333333333,0.5825396825396825,0.5357583756107197,0.8611111111111112
kc,9,31,1,global,1.0,2,1,0.7283950617283951,0.3888888888888889,0.4666666666666667,0.3333333333333333,0.5821869488536155,0.5374838498865699,0.8666666666666667
kc,9,31,3,global,0.2,2,1,0.7396694214876033,0.3368421052631579,0.5,0.25396825396825395,0.6427241287576484,0.4809024651505244,0.9106145251396648
kc,9,31,3,global,0.4,2,1,0.7231404958677686,0.2637362637362637,0.42857142857142855,0.19047619047619047,0.6056575330318347,0.4164737515629149,0.9106145251396648
kc,9,31,3,global,0.6,2,1,0.7355371900826446,0.3469387755102041,0.4857142857142857,0.2698412698412698,0.6100469983151547,0.49265240641286057,0.8994413407821229
kc,9,31,3,global,0.8,2,1,0.7272727272727273,0.34,0.4594594594594595,0.2698412698412698,0.6144808016316397,0.489582891132005,0.888268156424581
kc,9,31,3,global,1.0,2,1,0.7107438016528925,0.3269230769230769,0.4146341463414634,0.2698412698412698,0.6110667730779463,0.4833853894965726,0.8659217877094972
kc,10,32,1,global,0.2,2,1,0.7613168724279835,0.39583333333333337,0.5757575757575758,0.30158730158730157,0.7145502645502646,0.5273808030861996,0.9222222222222223
kc,10,32,1,global,0.4,2,1,0.7489711934156379,0.38383838383838387,0.5277777777777778,0.30158730158730157,0.6782186948853615,0.5225935862956891,0.9055555555555556
kc,10,32,1,global,0.6,2,1,0.7530864197530864,0.4230769230769231,0.5365853658536586,0.3492063492063492,0.7008818342151676,0.5588789484426352,0.8944444444444445
kc,10,32,1,global,0.8,2,1,0.757201646090535,0.4485981308411215,0.5454545454545454,0.38095238095238093,0.6904320987654322,0.5819143739626463,0.8888888888888888
kc,10,32,1,global,1.0,2,1,0.7489711934156379,0.4403669724770642,0.5217391304347826,0.38095238095238093,0.6683862433862433,0.5782659720159352,0.8777777777777778
kc,10,32,2,global,0.2,2,1,0.7066115702479339,0.26804123711340205,0.38235294117647056,0.20634920634920634,0.6013567438148444,0.4267793812278176,0.88268156424581
kc,10,32,2,global,0.4,2,1,0.6983471074380165,0.27722772277227725,0.3684210526315789,0.2222222222222222,0.5919570807838963,0.4386650931353483,0.8659217877094972
kc,10,32,2,global,0.6,2,1,0.7107438016528925,0.2857142857142857,0.4,0.2222222222222222,0.6000709408530638,0.44288989458023437,0.88268156424581
kc,10,32,2,global,0.8,2,1,0.6983471074380165,0.29126213592233,0.375,0.23809523809523808,0.5567526824510065,0.452594424647058,0.8603351955307262
kc,10,32,2,global,1.0,2,1,0.6983471074380165,0.30476190476190473,0.38095238095238093,0.25396825396825395,0.5550234991575774,0.4659173857832521,0.8547486033519553
kc,10,32,4,global,0.2,2,1,0.7520661157024794,0.3181818181818182,0.56,0.2222222222222222,0.6268954509177972,0.45669038528027806,0.9385474860335196
kc,10,32,4,global,0.4,2,1,0.7520661157024794,0.3478260869565217,0.5517241379310345,0.25396825396825395,0.6355857054181078,0.4853077705659336,0.9273743016759777
kc,10,32,4,global,0.6,2,1,0.743801652892562,0.3541666666666667,0.5151515151515151,0.2698412698412698,0.6355857054181075,0.49570291485888207,0.9106145251396648
kc,10,32,4,global,0.8,2,1,0.7355371900826446,0.3333333333333333,0.48484848484848486,0.25396825396825395,0.6055245189323403,0.47942503473074516,0.9050279329608939
kc,10,32,4,global,1.0,2,1,0.7272727272727273,0.326530612244898,0.45714285714285713,0.25396825396825395,0.6026868848097899,0.4764564301213972,0.8938547486033519
kc,11,38,0,global,0.2,2,1,0.7448559670781894,0.32608695652173914,0.5172413793103449,0.23809523809523808,0.6513227513227514,0.46859014028969875,0.9222222222222223
kc,11,38,0,global,0.4,2,1,0.7325102880658436,0.34343434343434337,0.4722222222222222,0.2698412698412698,0.6417107583774251,0.491282021542981,0.8944444444444445
kc,11,38,0,global,0.6,2,1,0.7325102880658436,0.38095238095238093,0.47619047619047616,0.31746031746031744,0.594047619047619,0.5278821951846314,0.8777777777777778
kc,11,38,0,global,0.8,2,1,0.7242798353909465,0.37383177570093457,0.45454545454545453,0.31746031746031744,0.5883156966490299,0.5245305283129621,0.8666666666666667
kc,11,38,0,global,1.0,2,1,0.7119341563786008,0.339622641509434,0.4186046511627907,0.2857142857142857,0.5679012345679012,0.4960158727618966,0.8611111111111112
kc,11,38,1,global,0.2,2,1,0.7283950617283951,0.31249999999999994,0.45454545454545453,0.23809523809523808,0.6511904761904762,0.4629100498862757,0.9
kc,11,38,1,global,0.4,2,1,0.7242798353909465,0.29473684210526313,0.4375,0.2222222222222222,0.6227954144620811,0.4472135954999579,0.9
kc,11,38,1,global,0.6,2,1,0.7283950617283951,0.326530612244898,0.45714285714285713,0.25396825396825395,0.6272927689594356,0.4766135686561604,0.8944444444444445
kc,11,38,1,global,0.8,2,1,0.7283950617283951,0.34,0.4594594594594595,0.2698412698412698,0.6306878306878307,0.4897539244616353,0.8888888888888888
kc,11,38,1,global,1.0,2,1,0.7283950617283951,0.34,0.4594594594594595,0.2698412698412698,0.6158289241622575,0.4897539244616353,0.8888888888888888
kc,11,38,3,global,0.2,2,1,0.756198347107438,0.3516483516483516,0.5714285714285714,0.25396825396825395,0.6394874523366143,0.4867673461038158,0.9329608938547486
kc,11,38,3,global,0.4,2,1,0.7520661157024794,0.36170212765957444,0.5483870967741935,0.2698412698412698,0.6108007448789572,0.49873476523579324,0.9217877094972067
kc,11,38,3,global,0.6,2,1,0.7396694214876033,0.3368421052631579,0.5,0.25396825396825395,0.6339451981910083,0.4809024651505244,0.9106145251396648
kc,11,38,3,global,0.8,2,1,0.756198347107438,0.3655913978494623,0.5666666666666667,0.2698412698412698,0.5579941473796222,0.5002437997440914,0.9273743016759777
kc,11,38,3,global,1.0,2,1,0.7396694214876033,0.3505154639175258,0.5,0.2698412698412698,0.5898288551919837,0.4941800144400694,0.9050279329608939
kc,11,38,4,global,0.2,2,1,0.7107438016528925,0.3,0.40540540540540543,0.23809523809523808,0.6005586592178771,0.4569815490875292,0.8770949720670391
kc,11,38,4,global,0.4,2,1,0.7148760330578512,0.30303030303030304,0.4166666666666667,0.23809523809523808,0.5975880109958323,0.45843459424587857,0.88268156424581
kc,11,38,4,global,0.6,2,1,0.71900826446281,0.2916666666666667,0.42424242424242425,0.2222222222222222,0.6016671100469984,0.445684180309917,0.8938547486033519
kc,11,38,4,global,0.8,2,1,0.6942148760330579,0.2884615384615385,0.36585365853658536,0.23809523809523808,0.5880553338653898,0.4511225689617579,0.8547486033519553
kc,11,38,4,global,1.0,2,1,0.6776859504132231,0.2777777777777778,0.3333333333333333,0.23809523809523808,0.5505010197747627,0.44518648704433306,0.8324022346368715
kc,12,39,0,global,0.2,2,1,0.7613168724279835,0.4081632653061224,0.5714285714285714,0.31746031746031744,0.6720458553791887,0.5394490624751247,0.9166666666666666
kc,12,39,0,global,0.4,2,1,0.7530864197530864,0.41176470588235287,0.5384615384615384,0.3333333333333333,0.6828042328042327,0.5477225575051661,0.9
kc,12,39,0,global,0.6,2,1,0.7695473251028807,0.4615384615384615,0.5853658536585366,0.38095238095238093,0.6712081128747795,0.5873444857777631,0.9055555555555556
kc,12,39,0,global,0.8,2,1,0.7448559670781894,0.41509433962264153,0.5116279069767442,0.3492063492063492,0.6638447971781306,0.5553968027146073,0.8833333333333333
kc,12,39,0,global,1.0,2,1,0.7489711934156379,0.42990654205607476,0.5227272727272727,0.36507936507936506,0.6647707231040565,0.5678791882845967,0.8833333333333333
kc,12,39,3,global,0.2,2,1,0.7396694214876033,0.27586206896551724,0.5,0.19047619047619047,0.6417043539948569,0.42155288745863667,0.9329608938547486
kc,12,39,3,global,0.4,2,1,0.71900826446281,0.276595744680851,0.41935483870967744,0.20634920634920634,0.6381573113416689,0.4308120318979695,0.8994413407821229
kc,12,39,3,global,0.6,2,1,0.731404958677686,0.2857142857142857,0.4642857142857143,0.20634920634920634,0.6109780970116165,0.43480728307482996,0.9162011173184358
kc,12,39,3,global,0.8,2,1,0.7272727272727273,0.2826086956521739,0.4482758620689655,0.20634920634920634,0.6022435044781413,0.4334796241493125,0.9106145251396648
kc,12,39,3,global,1.0,2,1,0.71900826446281,0.2916666666666667,0.42424242424242425,0.2222222222222222,0.5657976412166356,0.445684180309917,0.8938547486033519
kc,13,44,1,global,0.2,2,1,0.7613168724279835,0.3695652173913043,0.5862068965517241,0.2698412698412698,0.7167548500881835,0.5018484351393873,0.9333333333333333
kc,13,44,1,global,0.4,2,1,0.7489711934156379,0.37113402061855666,0.5294117647058824,0.2857142857142857,0.6921957671957673,0.5102131518468142,0.9111111111111111
kc,13,44,1,global,0.6,2,1,0.7530864197530864,0.4,0.5405405405405406,0.31746031746031744,0.665873015873016,0.5361697064779217,0.9055555555555556
kc,13,44,1,global,0.8,2,1,0.7489711934156379,0.39603960396039606,0.5263157894736842,0.31746031746031744,0.6638447971781305,0.5345224838248488,0.9
kc,13,44,1,global,1.0,2,1,0.7242798353909465,0.3619047619047619,0.4523809523809524,0.30158730158730157,0.6004409171075837,0.5128851200653805,0.8722222222222222
kc,13,44,2,global,0.2,2,1,0.7520661157024794,0.2857142857142857,0.5714285714285714,0.19047619047619047,0.6743371464041855,0.4253224368788733,0.9497206703910615
kc,13,44,2,global,0.4,2,1,0.731404958677686,0.2696629213483146,0.46153846153846156,0.19047619047619047,0.6377582690431852,0.41902101538323977,0.9217877094972067
kc,13,44,2,global,0.6,2,1,0.7355371900826446,0.28888888888888886,0.48148148148148145,0.20634920634920634,0.6415713398953622,0.43613090039253277,0.9217877094972067
kc,13,44,2,global,0.8,2,1,0.7272727272727273,0.2826086956521739,0.4482758620689655,0.20634920634920634,0.5617185421654696,0.4334796241493125,0.9106145251396648
kc,13,44,2,global,1.0,2,1,0.731404958677686,0.3010752688172043,0.4666666666666667,0.2222222222222222,0.5644675002216901,0.4498430652620644,0.9106145251396648
kc,13,44,3,global,0.2,500,1,0.7024793388429752,0.3793103448275862,0.41509433962264153,0.3492063492063492,0.6529218763855635,0.5373353440538743,0.8268156424581006
kc,13,44,3,global,0.4,500,1,0.6859504132231405,0.40625,0.4,0.4126984126984127,0.6530105524518932,0.568138083074968,0.7821229050279329
kc,13,44,3,global,0.6,500,1,0.6900826446280992,0.4360902255639098,0.4142857142857143,0.4603174603174603,0.6143921255653098,0.5957194116792316,0.770949720670391
kc,13,44,3,global,0.8,500,1,0.6446280991735537,0.44871794871794873,0.3763440860215054,0.5555555555555556,0.6006029972510419,0.612815747926136,0.6759776536312849
kc,13,44,3,global,1.0,500,1,0.5950413223140496,0.4096385542168675,0.3300970873786408,0.5396825396825397,0.5882326859980491,0.5758893019262201,0.6145251396648045
kc,13,44,4,global,0.2,2,1,0.7520661157024794,0.38775510204081637,0.5428571428571428,0.30158730158730157,0.6399308326682628,0.5240513118226816,0.9106145251396648
kc,13,44,4,global,0.4,2,1,0.7520661157024794,0.41176470588235287,0.5384615384615384,0.3333333333333333,0.6541633413141792,0.5475525365302472,0.8994413407821229
kc,13,44,4,global,0.6,2,1,0.7479338842975206,0.39603960396039606,0.5263157894736842,0.31746031746031744,0.6549170878779818,0.5343565603430226,0.8994413407821229
kc,13,44,4,global,0.8,2,1,0.7355371900826446,0.3846153846153846,0.4878048780487805,0.31746031746031744,0.6264520705861487,0.5293546727873897,0.88268156424581
kc,13,44,4,global,1.0,2,1,0.71900826446281,0.3818181818181818,0.44680851063829785,0.3333333333333333,0.6615677928527091,0.5337754219869236,0.8547486033519553
kc,14,49,0,global,0.2,2,1,0.7407407407407407,0.27586206896551724,0.5,0.19047619047619047,0.5614638447971781,0.4216370213557839,0.9333333333333333
kc,14,49,0,global,0.4,2,1,0.7119341563786008,0.3137254901960784,0.41025641025641024,0.25396825396825395,0.5540123456790124,0.4706556648443618,0.8722222222222222
kc,14,49,0,global,0.6,2,1,0.7078189300411523,0.32380952380952377,0.40476190476190477,0.2698412698412698,0.5573192239858907,0.4820407821923878,0.8611111111111112
kc,14,49,0,global,0.8,2,1,0.7037037037037037,0.35714285714285715,0.40816326530612246,0.31746031746031744,0.6028218694885362,0.5160561335558368,0.8388888888888889
kc,14,49,0,global,1.0,2,1,0.6954732510288066,0.3148148148148148,0.37777777777777777,0.2698412698412698,0.5512345679012346,0.47735307812906635,0.8444444444444444
kc,14,49,3,global,0.2,2,1,0.7644628099173554,0.4242424242424242,0.5833333333333334,0.3333333333333333,0.7110046998315154,0.5526304121557902,0.9162011173184358
kc,14,49,3,global,0.4,2,1,0.756198347107438,0.4271844660194175,0.55,0.3492063492063492,0.6573556797020483,0.5604378885655296,0.8994413407821229
kc,14,49,3,global,0.6,2,1,0.756198347107438,0.39175257731958757,0.5588235294117647,0.30158730158730157,0.6569122993703999,0.5256563731976792,0.9162011173184358
kc,14,49,3,global,0.8,2,1,0.7355371900826446,0.4074074074074074,0.4888888888888889,0.3492063492063492,0.6526558481865743,0.5516668012881708,0.8715083798882681
kc,14,49,3,global,1.0,2,1,0.7644628099173554,0.4466019417475728,0.575,0.36507936507936506,0.6603263279240933,0.5748104236567507,0.9050279329608939
kc,14,49,4,global,0.2,2,1,0.743801652892562,0.3404255319148936,0.5161290322580645,0.25396825396825395,0.6758446395317903,0.48237537048353385,0.9162011173184358
kc,14,49,4,global,0.4,2,1,0.7479338842975206,0.3440860215053763,0.5333333333333333,0.25396825396825395,0.6762436818302741,0.4838437920552476,0.9217877094972067
kc,14,49,4,global,0.6,2,1,0.7107438016528925,0.35185185185185186,0.4222222222222222,0.30158730158730157,0.6156335904939256,0.5077217001669625,0.8547486033519553
kc,14,49,4,global,0.8,2,1,0.7355371900826446,0.37254901960784315,0.48717948717948717,0.30158730158730157,0.6267624368183027,0.5175812944668852,0.888268156424581
kc,14,49,4,global,1.0,2,1,0.7355371900826446,0.37254901960784315,0.48717948717948717,0.30158730158730157,0.6317282965327657,0.5175812944668852,0.888268156424581
kc,15,54,1,global,0.2,2,1,0.7530864197530864,0.3023255813953488,0.5652173913043478,0.20634920634920634,0.590432098765432,0.4414582217515359,0.9444444444444444
kc,15,54,1,global,0.4,2,1,0.7407407407407407,0.29213483146067415,0.5,0.20634920634920634,0.6194003527336861,0.437545664031624,0.9277777777777778
kc,15,54,1,global,0.6,2,1,0.7448559670781894,0.3111111111111111,0.5185185185185185,0.2222222222222222,0.5957671957671957,0.45406259426005663,0.9277777777777778
kc,15,54,1,global,0.8,2,1,0.7242798353909465,0.32323232323232326,0.4444444444444444,0.25396825396825395,0.5742504409171075,0.47513109673319887,0.8888888888888888
kc,15,54,1,global,1.0,2,1,0.757201646090535,0.3655913978494623,0.5666666666666667,0.2698412698412698,0.5812610229276896,0.5003526093527114,0.9277777777777778
kc,15,54,3,global,0.2,2,1,0.7066115702479339,0.3106796116504854,0.4,0.25396825396825395,0.5884987141970381,0.46895271029993,0.8659217877094972
kc,15,54,3,global,0.4,2,1,0.7479338842975206,0.37113402061855666,0.5294117647058824,0.2857142857142857,0.6113771393101002,0.5100740912958948,0.9106145251396648
kc,15,54,3,global,0.6,2,1,0.7066115702479339,0.3486238532110092,0.41304347826086957,0.30158730158730157,0.5933758978451715,0.5060597588824532,0.8491620111731844
kc,15,54,3,global,0.8,2,1,0.7024793388429752,0.32075471698113206,0.3953488372093023,0.2698412698412698,0.5684579232065265,0.48025664859900014,0.8547486033519553
kc,15,54,3,global,1.0,2,1,0.7024793388429752,0.32075471698113206,0.3953488372093023,0.2698412698412698,0.5562649640861932,0.48025664859900014,0.8547486033519553
kc,15,54,4,global,0.2,2,1,0.7272727272727273,0.21428571428571427,0.42857142857142855,0.14285714285714285,0.5705418107652744,0.36507550957786183,0.9329608938547486
kc,15,54,4,global,0.4,2,1,0.7024793388429752,0.25,0.36363636363636365,0.19047619047619047,0.5668174159794271,0.41003636638852736,0.88268156424581
kc,15,54,4,global,0.6,2,1,0.7148760330578512,0.2736842105263158,0.40625,0.20634920634920634,0.6253436197570275,0.4294720223318057,0.8938547486033519
kc,15,54,4,global,0.8,2,1,0.7066115702479339,0.25263157894736843,0.375,0.19047619047619047,0.5949720670391062,0.41133190315979995,0.888268156424581
kc,15,54,4,global,1.0,2,1,0.6818181818181818,0.35294117647058826,0.375,0.3333333333333333,0.5634033874257338,0.5178382224025236,0.8044692737430168
kc,16,58,1,global,0.2,2,1,0.7695473251028807,0.36363636363636365,0.64,0.25396825396825395,0.6565255731922398,0.49119226507533814,0.95
kc,16,58,1,global,0.4,2,1,0.7901234567901234,0.43956043956043955,0.7142857142857143,0.31746031746031744,0.6612874779541446,0.550773065806269,0.9555555555555556
kc,16,58,1,global,0.6,2,1,0.7654320987654321,0.3448275862068965,0.625,0.23809523809523808,0.6362874779541445,0.4755948656056709,0.95
kc,16,58,1,global,0.8,2,1,0.7366255144032922,0.3846153846153846,0.4878048780487805,0.31746031746031744,0.6350088183421516,0.529550073574993,0.8833333333333333
kc,16,58,1,global,1.0,2,1,0.7613168724279835,0.3555555555555555,0.5925925925925926,0.25396825396825395,0.582716049382716,0.48831134717647623,0.9388888888888889
kc,16,58,3,global,0.2,2,1,0.7603305785123967,0.3255813953488372,0.6086956521739131,0.2222222222222222,0.6530105524518932,0.4594007377711537,0.9497206703910615
kc,16,58,3,global,0.4,2,1,0.743801652892562,0.3111111111111111,0.5185185185185185,0.2222222222222222,0.6264520705861487,0.4539638511492047,0.9273743016759777
kc,16,58,3,global,0.6,2,1,0.7355371900826446,0.3469387755102041,0.4857142857142857,0.2698412698412698,0.632260352930744,0.49265240641286057,0.8994413407821229
kc,16,58,3,global,0.8,2,1,0.7355371900826446,0.3469387755102041,0.4857142857142857,0.2698412698412698,0.6176288019863438,0.49265240641286057,0.8994413407821229
kc,16,58,3,global,1.0,2,1,0.7479338842975206,0.3296703296703297,0.5357142857142857,0.23809523809523808,0.6114658153764299,0.4698972282967277,0.9273743016759777
kc,16,58,4,global,0.2,2,1,0.7231404958677686,0.3092783505154639,0.4411764705882353,0.23809523809523808,0.6824510064733528,0.4613269547634023,0.8938547486033519
kc,16,58,4,global,0.4,2,1,0.7396694214876033,0.36363636363636365,0.5,0.2857142857142857,0.6581094262658509,0.506935144001147,0.8994413407821229
kc,16,58,4,global,0.6,2,1,0.7396694214876033,0.36363636363636365,0.5,0.2857142857142857,0.6716325263811297,0.506935144001147,0.8994413407821229
kc,16,58,4,global,0.8,2,1,0.7396694214876033,0.3762376237623762,0.5,0.30158730158730157,0.6632526381129733,0.5192063574748298,0.8938547486033519
kc,16,58,4,global,1.0,2,1,0.7355371900826446,0.36,0.4864864864864865,0.2857142857142857,0.6553161301764654,0.5053583590181616,0.8938547486033519
kc,17,59,0,global,0.2,2,1,0.7489711934156379,0.2823529411764706,0.5454545454545454,0.19047619047619047,0.6402557319223985,0.4241393401869012,0.9444444444444444
kc,17,59,0,global,0.4,2,1,0.7366255144032922,0.28888888888888886,0.48148148148148145,0.20634920634920634,0.6293650793650793,0.4362336800765812,0.9222222222222223
kc,17,59,0,global,0.6,2,1,0.7489711934156379,0.3440860215053763,0.5333333333333333,0.25396825396825395,0.5799382716049382,0.4839578158770668,0.9222222222222223
kc,17,59,0,global,0.8,2,1,0.7448559670781894,0.3404255319148936,0.5161290322580645,0.25396825396825395,0.5992063492063493,0.48249790963716394,0.9166666666666666
kc,17,59,0,global,1.0,2,1,0.7448559670781894,0.3404255319148936,0.5161290322580645,0.25396825396825395,0.585978835978836,0.48249790963716394,0.9166666666666666
kc,17,59,1,global,0.2,2,1,0.7654320987654321,0.41237113402061853,0.5882352941176471,0.31746031746031744,0.6699294532627866,0.5410812872717241,0.9222222222222223
kc,17,59,1,global,0.4,2,1,0.7695473251028807,0.40425531914893614,0.6129032258064516,0.30158730158730157,0.6450176366843033,0.5305482838361476,0.9333333333333333
kc,17,59,1,global,0.6,2,1,0.7366255144032922,0.44827586206896547,0.49056603773584906,0.4126984126984127,0.670679012345679,0.5922783558375663,0.85
kc,17,59,1,global,0.8,2,1,0.7407407407407407,0.45217391304347826,0.5,0.4126984126984127,0.6502645502645503,0.5942107536498193,0.8555555555555555
kc,17,59,1,global,1.0,2,1,0.7407407407407407,0.4424778761061947,0.5,0.3968253968253968,0.649074074074074,0.5845603120101681,0.8611111111111112
kc,17,59,2,global,0.2,2,1,0.768595041322314,0.3333333333333333,0.6666666666666666,0.2222222222222222,0.6489314534007272,0.4620951933551266,0.9608938547486033
kc,17,59,2,global,0.4,2,1,0.756198347107438,0.3218390804597701,0.5833333333333334,0.2222222222222222,0.6114658153764299,0.4580475662374646,0.9441340782122905
kc,17,59,2,global,0.6,2,1,0.756198347107438,0.3516483516483516,0.5714285714285714,0.25396825396825395,0.6551831160769709,0.4867673461038158,0.9329608938547486
kc,17,59,2,global,0.8,2,1,0.743801652892562,0.3111111111111111,0.5185185185185185,0.2222222222222222,0.6094706038840116,0.4539638511492047,0.9273743016759777
kc,17,59,2,global,1.0,2,1,0.7396694214876033,0.3368421052631579,0.5,0.25396825396825395,0.5807838964263546,0.4809024651505244,0.9106145251396648
kc,17,59,3,global,0.2,2,1,0.7644628099173554,0.32941176470588235,0.6363636363636364,0.2222222222222222,0.6389553959386362,0.46074993520704494,0.9553072625698324
kc,17,59,3,global,0.4,2,1,0.756198347107438,0.33707865168539325,0.5769230769230769,0.23809523809523808,0.6399751707014277,0.47271945924706543,0.9385474860335196
kc,17,59,3,global,0.6,2,1,0.7644628099173554,0.39999999999999997,0.59375,0.30158730158730157,0.636029085749756,0.528851882102982,0.9273743016759777
kc,17,59,3,global,0.8,2,1,0.743801652892562,0.37999999999999995,0.5135135135135135,0.30158730158730157,0.6366498182140642,0.5208263500462942,0.8994413407821229
kc,17,59,3,global,1.0,2,1,0.6900826446280992,0.38016528925619836,0.39655172413793105,0.36507936507936506,0.6465371996098251,0.541936464619201,0.8044692737430168
kc,18,61,0,global,0.2,2,1,0.7736625514403292,0.3820224719101123,0.6538461538461539,0.2698412698412698,0.6489858906525573,0.506309397848002,0.95
kc,18,61,0,global,0.4,2,1,0.7695473251028807,0.40425531914893614,0.6129032258064516,0.30158730158730157,0.6509700176366844,0.5305482838361476,0.9333333333333333
kc,18,61,0,global,0.6,2,1,0.7654320987654321,0.39999999999999997,0.59375,0.30158730158730157,0.6397707231040565,0.5289669143459382,0.9277777777777778
kc,18,61,0,global,0.8,2,1,0.7489711934156379,0.39603960396039606,0.5263157894736842,0.31746031746031744,0.6375661375661374,0.5345224838248488,0.9
kc,18,61,0,global,1.0,2,1,0.7530864197530864,0.4736842105263158,0.5294117647058824,0.42857142857142855,0.6400352733686067,0.609449400220044,0.8666666666666667
kc,18,61,1,global,0.2,2,1,0.7407407407407407,0.3883495145631068,0.5,0.31746031746031744,0.6474867724867726,0.5312127152597305,0.8888888888888888
kc,18,61,1,global,0.4,2,1,0.7448559670781894,0.4259259259259259,0.5111111111111111,0.36507936507936506,0.6508818342151675,0.5660905879732386,0.8777777777777778
kc,18,61,1,global,0.6,2,1,0.7160493827160493,0.42975206611570244,0.4482758620689655,0.4126984126984127,0.6654320987654321,0.5825202193885398,0.8222222222222222
kc,18,61,1,global,0.8,2,1,0.6954732510288066,0.421875,0.4153846153846154,0.42857142857142855,0.6328042328042328,0.5814595756329395,0.7888888888888889
kc,18,61,1,global,1.0,2,1,0.691358024691358,0.4186046511627907,0.4090909090909091,0.42857142857142855,0.6224867724867725,0.5794085654478071,0.7833333333333333
kc,18,61,2,global,0.2,2,1,0.7231404958677686,0.27956989247311825,0.43333333333333335,0.20634920634920634,0.6757116254322958,0.4321478863657014,0.9050279329608939
kc,18,61,2,global,0.4,2,1,0.71900826446281,0.276595744680851,0.41935483870967744,0.20634920634920634,0.6777955129910437,0.4308120318979695,0.8994413407821229
kc,18,61,2,global,0.6,2,1,0.7148760330578512,0.2736842105263158,0.40625,0.20634920634920634,0.6752682451006473,0.4294720223318057,0.8938547486033519
kc,18,61,2,global,0.8,2,1,0.7148760330578512,0.2736842105263158,0.40625,0.20634920634920634,0.626363394519819,0.4294720223318057,0.8938547486033519
kc,18,61,2,global,1.0,2,1,0.7066115702479339,0.297029702970297,0.39473684210526316,0.23809523809523808,0.5574177529484792,0.45552386898108027,0.8715083798882681
kc,19,65,0,global,0.4,20,1,0.7695473251028807,0.37777777777777777,0.6296296296296297,0.2698412698412698,0.6191798941798942,0.5048267902790238,0.9444444444444444
kc,19,65,0,global,0.6,20,1,0.757201646090535,0.3516483516483516,0.5714285714285714,0.25396825396825395,0.593694885361552,0.48686449556014766,0.9333333333333333
kc,19,65,0,global,0.8,20,1,0.7736625514403292,0.3956043956043956,0.6428571428571429,0.2857142857142857,0.6196649029982363,0.5194624816493197,0.9444444444444444
kc,19,65,0,global,1.0,20,1,0.7736625514403292,0.3956043956043956,0.6428571428571429,0.2857142857142857,0.6199294532627865,0.5194624816493197,0.9444444444444444
kc,19,65,1,global,0.2,2,1,0.7407407407407407,0.36363636363636365,0.5,0.2857142857142857,0.646604938271605,0.50709255283711,0.9
kc,19,65,1,global,0.4,2,1,0.7325102880658436,0.3564356435643564,0.47368421052631576,0.2857142857142857,0.6494268077601411,0.5039526306789697,0.8888888888888888
kc,19,65,1,global,0.6,2,1,0.7283950617283951,0.35294117647058826,0.46153846153846156,0.2857142857142857,0.6407407407407408,0.5023753102820165,0.8833333333333333
kc,19,65,1,global,0.8,2,1,0.7283950617283951,0.34,0.4594594594594595,0.2698412698412698,0.6515432098765432,0.4897539244616353,0.8888888888888888
kc,19,65,1,global,1.0,2,1,0.7283950617283951,0.36538461538461536,0.4634146341463415,0.30158730158730157,0.610626102292769,0.5145159194750907,0.8777777777777778
kc,19,65,2,global,0.2,2,1,0.7355371900826446,0.3191489361702127,0.4838709677419355,0.23809523809523808,0.61146581537643,0.46563180966951845,0.9106145251396648
kc,19,65,2,global,0.4,2,1,0.71900826446281,0.30612244897959184,0.42857142857142855,0.23809523809523808,0.5813602908574975,0.4598830483898366,0.888268156424581
kc,19,65,2,global,0.6,2,1,0.731404958677686,0.32989690721649484,0.47058823529411764,0.25396825396825395,0.628136915846413,0.4779430372599867,0.8994413407821229
kc,19,65,2,global,0.8,2,1,0.7272727272727273,0.31249999999999994,0.45454545454545453,0.23809523809523808,0.5881883479648843,0.46276635593592985,0.8994413407821229
kc,19,65,2,global,1.0,2,1,0.7231404958677686,0.29473684210526313,0.4375,0.2222222222222222,0.5805622062605302,0.4470747739552506,0.8994413407821229
kc,19,65,2,global,0.2,500,1,0.7231404958677686,0.38532110091743116,0.45652173913043476,0.3333333333333333,0.6374035647778664,0.5355169451196125,0.8603351955307262
kc,19,65,2,global,0.4,500,1,0.7024793388429752,0.4098360655737705,0.423728813559322,0.3968253968253968,0.6194466613461027,0.5669662604116349,0.8100558659217877
kc,19,65,2,global,0.6,500,1,0.6652892561983471,0.39999999999999997,0.375,0.42857142857142855,0.6189146049481244,0.5664185801868137,0.7486033519553073
kc,19,65,2,global,0.8,500,1,0.6239669421487604,0.380952380952381,0.3333333333333333,0.4444444444444444,0.6085838432207147,0.5526304121557902,0.6871508379888268
kc,19,65,2,global,1.0,500,1,0.6239669421487604,0.380952380952381,0.3333333333333333,0.4444444444444444,0.5862818125387957,0.5526304121557902,0.6871508379888268
kc,19,65,4,global,0.2,2,1,0.743801652892562,0.3673469387755102,0.5142857142857142,0.2857142857142857,0.6089828855191984,0.508507039693059,0.9050279329608939
kc,19,65,4,global,0.4,2,1,0.743801652892562,0.3673469387755102,0.5142857142857142,0.2857142857142857,0.6101356743814844,0.508507039693059,0.9050279329608939
kc,19,65,4,global,0.6,2,1,0.743801652892562,0.3541666666666667,0.5151515151515151,0.2698412698412698,0.6037953356389111,0.49570291485888207,0.9106145251396648
kc,19,65,4,global,0.8,2,1,0.7479338842975206,0.37113402061855666,0.5294117647058824,0.2857142857142857,0.5936862640773256,0.5100740912958948,0.9106145251396648
kc,19,65,4,global,1.0,2,1,0.7231404958677686,0.37383177570093457,0.45454545454545453,0.31746031746031744,0.5977210250953269,0.5243050692317046,0.8659217877094972
kc,20,69,0,global,0.2,2,1,0.757201646090535,0.3516483516483516,0.5714285714285714,0.25396825396825395,0.6417989417989417,0.48686449556014766,0.9333333333333333
kc,20,69,0,global,0.4,2,1,0.7489711934156379,0.3296703296703297,0.5357142857142857,0.23809523809523808,0.6491622574955908,0.4699994371267597,0.9277777777777778
kc,20,69,0,global,0.6,2,1,0.7489711934156379,0.3296703296703297,0.5357142857142857,0.23809523809523808,0.6114638447971782,0.4699994371267597,0.9277777777777778
kc,20,69,0,global,0.8,2,1,0.7448559670781894,0.3111111111111111,0.5185185185185185,0.2222222222222222,0.6308201058201057,0.45406259426005663,0.9277777777777778
kc,20,69,0,global,1.0,2,1,0.7242798353909465,0.32323232323232326,0.4444444444444444,0.25396825396825395,0.6268518518518519,0.47513109673319887,0.8888888888888888
kc,20,69,1,global,0.2,2,1,0.7448559670781894,0.3111111111111111,0.5185185185185185,0.2222222222222222,0.6474867724867726,0.45406259426005663,0.9277777777777778
kc,20,69,1,global,0.4,2,1,0.7366255144032922,0.30434782608695654,0.4827586206896552,0.2222222222222222,0.6415343915343916,0.45133546692422,0.9166666666666666
kc,20,69,1,global,0.6,2,1,0.7325102880658436,0.3010752688172043,0.4666666666666667,0.2222222222222222,0.5992945326278658,0.4499657051403686,0.9111111111111111
kc,20,69,1,global,0.8,2,1,0.7160493827160493,0.28865979381443296,0.4117647058823529,0.2222222222222222,0.5979276895943562,0.4444444444444444,0.8888888888888888
kc,20,69,1,global,1.0,2,1,0.7160493827160493,0.28865979381443296,0.4117647058823529,0.2222222222222222,0.5977072310405644,0.4444444444444444,0.8888888888888888
kc,21,70,0,global,0.2,2,1,0.7695473251028807,0.40425531914893614,0.6129032258064516,0.30158730158730157,0.6371252204585538,0.5305482838361476,0.9333333333333333
kc,21,70,0,global,0.4,2,1,0.757201646090535,0.3789473684210526,0.5625,0.2857142857142857,0.6309523809523809,0.5133147801223568,0.9222222222222223
kc,21,70,0,global,0.6,2,1,0.7613168724279835,0.3829787234042553,0.5806451612903226,0.2857142857142857,0.6493827160493826,0.5148585874581146,0.9277777777777778
kc,21,70,0,global,0.8,2,1,0.7366255144032922,0.37254901960784315,0.48717948717948717,0.30158730158730157,0.6511904761904761,0.5177621088984156,0.8888888888888888
kc,21,70,0,global,1.0,2,1,0.7654320987654321,0.4242424242424242,0.5833333333333334,0.3333333333333333,0.5751322751322752,0.5527707983925666,0.9166666666666666
kc,21,70,3,global,0.2,2,1,0.7355371900826446,0.30434782608695654,0.4827586206896552,0.2222222222222222,0.6259643522213355,0.4512208420418828,0.9162011173184358
kc,21,70,3,global,0.4,2,1,0.743801652892562,0.3111111111111111,0.5185185185185185,0.2222222222222222,0.6202890839762348,0.4539638511492047,0.9273743016759777
kc,21,70,3,global,0.6,2,1,0.7355371900826446,0.3333333333333333,0.48484848484848486,0.25396825396825395,0.6236587744967632,0.47942503473074516,0.9050279329608939
kc,21,70,3,global,0.8,2,1,0.71900826446281,0.32,0.43243243243243246,0.25396825396825395,0.6125299281723863,0.4734692130239046,0.88268156424581
kc,21,70,3,global,1.0,2,1,0.71900826446281,0.34615384615384615,0.43902439024390244,0.2857142857142857,0.5689456415713399,0.499001397045931,0.8715083798882681
kc,21,70,4,global,0.2,2,1,0.7479338842975206,0.3146067415730337,0.5384615384615384,0.2222222222222222,0.6273388312494458,0.45532915904742255,0.9329608938547486
kc,21,70,4,global,0.4,2,1,0.7272727272727273,0.31249999999999994,0.45454545454545453,0.23809523809523808,0.612042209807573,0.46276635593592985,0.8994413407821229
kc,21,70,4,global,0.6,2,1,0.7355371900826446,0.3333333333333333,0.48484848484848486,0.25396825396825395,0.5993615323224262,0.47942503473074516,0.9050279329608939
kc,21,70,4,global,0.8,2,1,0.731404958677686,0.32989690721649484,0.47058823529411764,0.25396825396825395,0.5805178682273653,0.4779430372599867,0.8994413407821229
kc,21,70,4,global,1.0,2,1,0.7272727272727273,0.326530612244898,0.45714285714285713,0.25396825396825395,0.5661080074487896,0.4764564301213972,0.8938547486033519
kc,22,71,0,global,0.2,2,1,0.7613168724279835,0.34090909090909094,0.6,0.23809523809523808,0.6734567901234568,0.47420219829490967,0.9444444444444444
kc,22,71,0,global,0.4,2,1,0.7695473251028807,0.37777777777777777,0.6296296296296297,0.2698412698412698,0.6840828924162257,0.5048267902790238,0.9444444444444444
kc,22,71,0,global,0.6,2,1,0.7613168724279835,0.34090909090909094,0.6,0.23809523809523808,0.6876102292768959,0.47420219829490967,0.9444444444444444
kc,22,71,0,global,0.8,2,1,0.7366255144032922,0.30434782608695654,0.4827586206896552,0.2222222222222222,0.6662257495590829,0.45133546692422,0.9166666666666666
kc,22,71,0,global,1.0,2,1,0.7530864197530864,0.36170212765957444,0.5483870967741935,0.2698412698412698,0.6598765432098765,0.4988522983010925,0.9222222222222223
kc,22,71,2,global,0.2,2,1,0.7231404958677686,0.1518987341772152,0.375,0.09523809523809523,0.6139487452336614,0.2998625205962115,0.9441340782122905
kc,22,71,2,global,0.4,2,1,0.6900826446280992,0.19354838709677416,0.3,0.14285714285714285,0.575374656380243,0.35510190976792844,0.88268156424581
kc,22,71,2,global,0.6,2,1,0.6900826446280992,0.2268041237113402,0.3235294117647059,0.1746031746031746,0.6051698146670214,0.3900873361463572,0.8715083798882681
kc,22,71,2,global,0.8,2,1,0.6859504132231405,0.19148936170212766,0.2903225806451613,0.14285714285714285,0.5172474949011261,0.35397638582801355,0.8770949720670391
kc,22,71,2,global,1.0,2,1,0.6859504132231405,0.22448979591836732,0.3142857142857143,0.1746031746031746,0.5329874966746475,0.38883504612127545,0.8659217877094972
kc,22,71,3,global,0.2,2,1,0.7479338842975206,0.35789473684210527,0.53125,0.2698412698412698,0.6577103839673673,0.4972211509250154,0.9162011173184358
kc,22,71,3,global,0.4,2,1,0.7603305785123967,0.3829787234042553,0.5806451612903226,0.2857142857142857,0.654562383612663,0.5147466232945452,0.9273743016759777
kc,22,71,3,global,0.6,2,1,0.743801652892562,0.392156862745098,0.5128205128205128,0.31746031746031744,0.6613461026868849,0.5326944830341612,0.8938547486033519
kc,22,71,3,global,0.8,2,1,0.756198347107438,0.3789473684210526,0.5625,0.2857142857142857,0.6730513434424048,0.513193839595919,0.9217877094972067
kc,22,71,3,global,1.0,2,1,0.7520661157024794,0.4444444444444444,0.5333333333333333,0.38095238095238093,0.6268067748514676,0.579878990412839,0.88268156424581
kc,23,74,1,global,0.2,2,1,0.7448559670781894,0.3404255319148936,0.5161290322580645,0.25396825396825395,0.6367724867724868,0.48249790963716394,0.9166666666666666
kc,23,74,1,global,0.4,2,1,0.7366255144032922,0.37254901960784315,0.48717948717948717,0.30158730158730157,0.6360670194003527,0.5177621088984156,0.8888888888888888
kc,23,74,1,global,0.6,2,1,0.720164609053498,0.37037037037037035,0.4444444444444444,0.31746031746031744,0.6361111111111111,0.522846637841289,0.8611111111111112
kc,23,74,1,global,0.8,2,1,0.7242798353909465,0.3495145631067961,0.45,0.2857142857142857,0.6161816578483245,0.5007930219099012,0.8777777777777778
kc,23,74,1,global,1.0,2,1,0.6995884773662552,0.35398230088495575,0.4,0.31746031746031744,0.619047619047619,0.5143444998736397,0.8333333333333334
kc,24,76,0,global,0.2,2,1,0.7654320987654321,0.39999999999999997,0.59375,0.30158730158730157,0.6330246913580246,0.5289669143459382,0.9277777777777778
kc,24,76,0,global,0.4,2,1,0.7407407407407407,0.3762376237623762,0.5,0.30158730158730157,0.6049382716049383,0.519377595223122,0.8944444444444445
kc,24,76,0,global,0.6,2,1,0.7489711934156379,0.38383838383838387,0.5277777777777778,0.30158730158730157,0.6414021164021164,0.5225935862956891,0.9055555555555556
kc,24,76,0,global,0.8,2,1,0.7407407407407407,0.3762376237623762,0.5,0.30158730158730157,0.6033509700176367,0.519377595223122,0.8944444444444445
kc,24,76,0,global,1.0,2,1,0.7283950617283951,0.36538461538461536,0.4634146341463415,0.30158730158730157,0.6054673721340387,0.5145159194750907,0.8777777777777778
kc,24,76,2,global,0.2,2,1,0.7355371900826446,0.2727272727272727,0.48,0.19047619047619047,0.6523011439212556,0.4202888579640884,0.9273743016759777
kc,24,76,2,global,0.4,2,1,0.7231404958677686,0.29473684210526313,0.4375,0.2222222222222222,0.6016671100469982,0.4470747739552506,0.8994413407821229
kc,24,76,2,global,0.6,2,1,0.71900826446281,0.30612244897959184,0.42857142857142855,0.23809523809523808,0.5972333067305134,0.4598830483898366,0.888268156424581
kc,24,76,2,global,0.8,2,1,0.6859504132231405,0.2830188679245283,0.3488372093023256,0.23809523809523808,0.5814046288906624,0.44816435627653955,0.8435754189944135
kc,24,76,2,global,1.0,2,1,0.7107438016528925,0.3,0.40540540540540543,0.23809523809523808,0.5528509355324998,0.4569815490875292,0.8770949720670391
kc,25,82,0,global,0.2,2,1,0.7695473251028807,0.34883720930232553,0.6521739130434783,0.23809523809523808,0.6392416225749559,0.47698346670846725,0.9555555555555556
kc,25,82,0,global,0.4,2,1,0.7613168724279835,0.34090909090909094,0.6,0.23809523809523808,0.6181657848324514,0.47420219829490967,0.9444444444444444
kc,25,82,0,global,0.6,2,1,0.7613168724279835,0.3829787234042553,0.5806451612903226,0.2857142857142857,0.6261022927689595,0.5148585874581146,0.9277777777777778
kc,25,82,0,global,0.8,2,1,0.7325102880658436,0.3564356435643564,0.47368421052631576,0.2857142857142857,0.5961199294532628,0.5039526306789697,0.8888888888888888
kc,25,82,0,global,1.0,2,1,0.7407407407407407,0.3505154639175258,0.5,0.2698412698412698,0.6022486772486773,0.4943240445526878,0.9055555555555556
kc,25,82,3,global,0.2,2,1,0.7479338842975206,0.35789473684210527,0.53125,0.2698412698412698,0.6283142679790724,0.4972211509250154,0.9162011173184358
kc,25,82,3,global,0.4,2,1,0.7520661157024794,0.36170212765957444,0.5483870967741935,0.2698412698412698,0.5940853063758091,0.49873476523579324,0.9217877094972067
kc,25,82,3,global,0.6,2,1,0.743801652892562,0.3541666666666667,0.5151515151515151,0.2698412698412698,0.5933315598120068,0.49570291485888207,0.9106145251396648
kc,25,82,3,global,0.8,2,1,0.7396694214876033,0.3505154639175258,0.5,0.2698412698412698,0.5853950518754989,0.4941800144400694,0.9050279329608939
kc,25,82,3,global,1.0,2,1,0.7355371900826446,0.3469387755102041,0.4857142857142857,0.2698412698412698,0.6287133102775562,0.49265240641286057,0.8994413407821229
kc,25,82,4,global,0.2,2,1,0.7231404958677686,0.29473684210526313,0.4375,0.2222222222222222,0.6203777600425646,0.4470747739552506,0.8994413407821229
kc,25,82,4,global,0.4,2,1,0.6983471074380165,0.30476190476190473,0.38095238095238093,0.25396825396825395,0.6087611953533741,0.4659173857832521,0.8547486033519553
kc,25,82,4,global,0.6,2,1,0.6859504132231405,0.2962962962962962,0.35555555555555557,0.25396825396825395,0.6426797907244834,0.46132695476340235,0.8379888268156425
kc,25,82,4,global,0.8,2,1,0.7148760330578512,0.3300970873786408,0.425,0.2698412698412698,0.5698767402678017,0.4849421902725706,0.8715083798882681
kc,25,82,4,global,1.0,2,1,0.7066115702479339,0.33644859813084116,0.4090909090909091,0.2857142857142857,0.5596789926398865,0.4941800144400694,0.8547486033519553
kc,26,83,0,global,0.2,2,1,0.7489711934156379,0.2823529411764706,0.5454545454545454,0.19047619047619047,0.6667548500881835,0.4241393401869012,0.9444444444444444
kc,26,83,0,global,0.4,2,1,0.7366255144032922,0.2558139534883721,0.4782608695652174,0.1746031746031746,0.6337301587301586,0.40368671387966554,0.9333333333333333
kc,26,83,0,global,0.6,2,1,0.7283950617283951,0.23255813953488372,0.43478260869565216,0.15873015873015872,0.6189153439153438,0.383752933451955,0.9277777777777778
kc,26,83,0,global,0.8,2,1,0.7325102880658436,0.2528735632183908,0.4583333333333333,0.1746031746031746,0.6321869488536155,0.40248347211566177,0.9277777777777778
kc,26,83,0,global,1.0,2,1,0.7325102880658436,0.2696629213483146,0.46153846153846156,0.19047619047619047,0.6327601410934743,0.41911976290957176,0.9222222222222223
kc,26,83,3,global,0.2,2,1,0.7644628099173554,0.3132530120481927,0.65,0.20634920634920634,0.6522124678549259,0.44528607019892713,0.9608938547486033
kc,26,83,3,global,0.4,2,1,0.756198347107438,0.3516483516483516,0.5714285714285714,0.25396825396825395,0.6614347787532145,0.4867673461038158,0.9329608938547486
kc,26,83,3,global,0.6,2,1,0.7231404958677686,0.3495145631067961,0.45,0.2857142857142857,0.5930655316130176,0.5005982055977882,0.8770949720670391
kc,26,83,3,global,0.8,2,1,0.7148760330578512,0.35514018691588783,0.4318181818181818,0.30158730158730157,0.6380242972421744,0.5093782190874432,0.8603351955307262
kc,26,83,3,global,1.0,2,1,0.7148760330578512,0.3669724770642202,0.43478260869565216,0.31746031746031744,0.5923561230823801,0.520911473255173,0.8547486033519553
kc,26,83,4,global,0.2,2,1,0.768595041322314,0.44,0.5945945945945946,0.3492063492063492,0.6728296532765806,0.5656352599666582,0.9162011173184358
kc,26,83,4,global,0.4,2,1,0.7644628099173554,0.43564356435643564,0.5789473684210527,0.3492063492063492,0.6538529750820253,0.5639081253699894,0.9106145251396648
kc,26,83,4,global,0.6,2,1,0.7644628099173554,0.43564356435643564,0.5789473684210527,0.3492063492063492,0.6976589518488959,0.5639081253699894,0.9106145251396648
kc,26,83,4,global,0.8,2,1,0.731404958677686,0.39252336448598135,0.4772727272727273,0.3333333333333333,0.6844905559989359,0.5389831103996575,0.8715083798882681
kc,26,83,4,global,1.0,2,1,0.7479338842975206,0.41904761904761906,0.5238095238095238,0.3492063492063492,0.665957258136029,0.5569460297203691,0.888268156424581
kc,27,86,0,global,0.2,2,1,0.7654320987654321,0.39999999999999997,0.59375,0.30158730158730157,0.659700176366843,0.5289669143459382,0.9277777777777778
kc,27,86,0,global,0.4,2,1,0.7407407407407407,0.411214953271028,0.5,0.3492063492063492,0.6245590828924164,0.5536475171011244,0.8777777777777778
kc,27,86,0,global,0.6,2,1,0.7366255144032922,0.4074074074074074,0.4888888888888889,0.3492063492063492,0.6307319223985891,0.551892686959042,0.8722222222222222
kc,27,86,0,global,0.8,2,1,0.7366255144032922,0.4074074074074074,0.4888888888888889,0.3492063492063492,0.6054673721340388,0.551892686959042,0.8722222222222222
kc,27,86,0,global,1.0,2,1,0.7283950617283951,0.3888888888888889,0.4666666666666667,0.3333333333333333,0.5947971781305115,0.5374838498865699,0.8666666666666667
kc,27,86,1,global,0.2,2,1,0.7160493827160493,0.31683168316831684,0.42105263157894735,0.25396825396825395,0.6544532627865961,0.4721521890178592,0.8777777777777778
kc,27,86,1,global,0.4,2,1,0.7242798353909465,0.32323232323232326,0.4444444444444444,0.25396825396825395,0.6590828924162258,0.47513109673319887,0.8888888888888888
kc,27,86,1,global,0.6,2,1,0.7160493827160493,0.34285714285714286,0.42857142857142855,0.2857142857142857,0.585758377425044,0.4976133515281193,0.8666666666666667
kc,27,86,1,global,0.8,2,1,0.7037037037037037,0.32075471698113206,0.3953488372093023,0.2698412698412698,0.6373015873015874,0.48048329578754784,0.8555555555555555
kc,27,86,1,global,1.0,2,1,0.6954732510288066,0.3148148148148148,0.37777777777777777,0.2698412698412698,0.5865961199294533,0.47735307812906635,0.8444444444444444
kc,27,86,2,global,0.2,2,1,0.7479338842975206,0.2823529411764706,0.5454545454545454,0.19047619047619047,0.5897845171588189,0.42406964347454384,0.9441340782122905
kc,27,86,2,global,0.4,2,1,0.7520661157024794,0.2857142857142857,0.5714285714285714,0.19047619047619047,0.5731134166888356,0.4253224368788733,0.9497206703910615
kc,27,86,2,global,0.6,2,1,0.756198347107438,0.30588235294117644,0.5909090909090909,0.20634920634920634,0.6066773077946263,0.44268962783041543,0.9497206703910615
kc,27,86,2,global,0.8,2,1,0.7355371900826446,0.3191489361702127,0.4838709677419355,0.23809523809523808,0.6057018710649996,0.46563180966951845,0.9106145251396648
kc,27,86,2,global,1.0,2,1,0.756198347107438,0.3218390804597701,0.5833333333333334,0.2222222222222222,0.592932517513523,0.4580475662374646,0.9441340782122905
kc,28,88,1,global,0.2,2,1,0.7654320987654321,0.3870967741935483,0.6,0.2857142857142857,0.7062169312169312,0.5163977794943222,0.9333333333333333
kc,28,88,1,global,0.4,2,1,0.7448559670781894,0.392156862745098,0.5128205128205128,0.31746031746031744,0.6739417989417988,0.5328701692569688,0.8944444444444445
kc,28,88,1,global,0.6,2,1,0.720164609053498,0.37037037037037035,0.4444444444444444,0.31746031746031744,0.6739858906525573,0.522846637841289,0.8611111111111112
kc,28,88,1,global,0.8,2,1,0.7407407407407407,0.3883495145631068,0.5,0.31746031746031744,0.6006172839506173,0.5312127152597305,0.8888888888888888
kc,28,88,1,global,1.0,2,1,0.7407407407407407,0.3762376237623762,0.5,0.30158730158730157,0.5976190476190476,0.519377595223122,0.8944444444444445
kc,28,88,4,global,0.2,2,1,0.7231404958677686,0.3092783505154639,0.4411764705882353,0.23809523809523808,0.6460051432118471,0.4613269547634023,0.8938547486033519
kc,28,88,4,global,0.4,2,1,0.7148760330578512,0.37837837837837834,0.4375,0.3333333333333333,0.6236144364635985,0.53202819824178,0.8491620111731844
kc,28,88,4,global,0.6,2,1,0.71900826446281,0.3333333333333333,0.4358974358974359,0.2698412698412698,0.6168307173893767,0.4864940092477634,0.8770949720670391
kc,28,88,4,global,0.8,2,1,0.7107438016528925,0.375,0.42857142857142855,0.3333333333333333,0.590582601755786,0.5302752175346979,0.8435754189944135
kc,28,88,4,global,1.0,2,1,0.7024793388429752,0.34545454545454546,0.40425531914893614,0.30158730158730157,0.5861487984393011,0.504392341634865,0.8435754189944135
kc,28,88,4,global,0.2,500,1,0.7355371900826446,0.3191489361702127,0.4838709677419355,0.23809523809523808,0.6314179303006119,0.46563180966951845,0.9106145251396648
kc,28,88,4,global,0.4,500,1,0.7148760330578512,0.42016806722689076,0.44642857142857145,0.3968253968253968,0.6370045224793828,0.572801401377372,0.8268156424581006
kc,28,88,4,global,0.6,500,1,0.7148760330578512,0.4390243902439024,0.45,0.42857142857142855,0.6431675090892968,0.5912368843971662,0.8156424581005587
kc,28,88,4,global,0.8,500,1,0.6487603305785123,0.40559440559440557,0.3625,0.4603174603174603,0.629600070940853,0.5737295165980547,0.7150837988826816
kc,28,88,4,global,1.0,500,1,0.6487603305785123,0.42176870748299317,0.36904761904761907,0.49206349206349204,0.6226833377671367,0.5885309805641491,0.7039106145251397
kc,29,97,1,global,0.2,2,1,0.757201646090535,0.39175257731958757,0.5588235294117647,0.30158730158730157,0.6322751322751323,0.5257899071445044,0.9166666666666666
kc,29,97,1,global,0.4,2,1,0.7613168724279835,0.39583333333333337,0.5757575757575758,0.30158730158730157,0.6367724867724869,0.5273808030861996,0.9222222222222223
kc,29,97,1,global,0.6,2,1,0.7530864197530864,0.41176470588235287,0.5384615384615384,0.3333333333333333,0.6308201058201058,0.5477225575051661,0.9
kc,29,97,1,global,0.8,2,1,0.757201646090535,0.4158415841584158,0.5526315789473685,0.3333333333333333,0.6264991181657849,0.5494104584478273,0.9055555555555556
kc,29,97,1,global,1.0,2,1,0.757201646090535,0.4158415841584158,0.5526315789473685,0.3333333333333333,0.6333774250440917,0.5494104584478273,0.9055555555555556
kc,29,97,4,global,0.2,2,1,0.7396694214876033,0.3883495145631068,0.5,0.31746031746031744,0.6731843575418994,0.5310272035672358,0.888268156424581
kc,29,97,4,global,0.4,2,1,0.731404958677686,0.40366972477064217,0.4782608695652174,0.3492063492063492,0.6711004699831515,0.5498957957506757,0.8659217877094972
kc,29,97,4,global,0.6,2,1,0.731404958677686,0.40366972477064217,0.4782608695652174,0.3492063492063492,0.6412609736632083,0.5498957957506757,0.8659217877094972
kc,29,97,4,global,0.8,2,1,0.7148760330578512,0.37837837837837834,0.4375,0.3333333333333333,0.6341225503236676,0.53202819824178,0.8491620111731844
kc,29,97,4,global,1.0,2,1,0.7272727272727273,0.4,0.46808510638297873,0.3492063492063492,0.6158109426265851,0.5481190680180863,0.8603351955307262
